{"cameraMode":{"drawMode":0,"name":"Shaded","section":"Shading Mode"},"sceneLighting":true,"audioPlay":false,"sceneViewState":{"showFog":true,"showMaterialUpdate":false,"showSkybox":true,"showFlares":true,"showImageEffects":true,"showParticleSystems":true},"in2DMode":false,"pivot":{"x":562.509033203125,"y":302.0159912109375,"z":1.7657783031463624},"rotation":{"x":-0.008615294471383095,"y":-0.2891949713230133,"z":-0.002602852415293455,"w":0.9572283029556274},"size":1950.0611572265625,"orthographic":true}